OBJECTID,ADRESAS,DATA,IVEDE,REDAG,REDAGD,IVEDED,x,y
1,"Ąžuolyno g 9, Vilnius, Viršuliškės",2021-12-31 22:00:00,,,,,579698.0380999995,6063895.6083
3,"Naugarduko g 3, Vilnius, Senamiestis
",2021-12-31 22:00:00,,,,,582385.9025999997,6060881.305299999
4,"Olandų g 48A, Vilnius, Rasos",2021-12-31 22:00:00,,,,,584539.7466000002,6061675.9070999995
5,"Smalinės g 5, Vilnius, Pilaitė",2021-12-31 22:00:00,,,,,576293.7532000002,6063454.2278
7,"Savanorių pr 54, Vilnius, Vilkpėdė",2021-12-31 22:00:00,,,,,580367.8737000003,6060275.000600001
8,"Minties g 5, Vilnius, Žirmūnai",2021-12-31 22:00:00,,,,,583630.5465000002,6063940.886700001
9,"Žėručio g 8, Vilnius, Lazdynai",2021-12-31 22:00:00,,,,,578162.0772000002,6060466.652899999
10,"Smolensko g 33, Vilnius, Naujamiestis",2021-12-31 22:00:00,,,,,581259.7259,6060629.574100001
11,"Čiobiškio g 31, Vilnius, Šeškinė",2021-12-31 22:00:00,,,,,579891.5911999997,6065434.7974
12,"Ateities g 77, Vilnius, Fabijoniškės",2021-12-31 22:00:00,,,,,580347.5366000002,6066916.0042
13,"Kalvarijų g 170, Vilnius, Šnipiškės",2021-12-31 22:00:00,,,,,582839.4484999999,6064503.0747
14,"Švyturio g 4, Vilnius, Antakalnis",2021-12-31 22:00:00,,,,,584839.1656999998,6064951.0046
15,"Papilėnų g 1, Vilnius, Pilaitė
",2021-12-31 22:00:00,,,,,576460.1924999999,6063562.5046
16,"Rudausių g, Vilnius",2021-12-31 22:00:00,,,,,588052.9965000004,6070564.6478
17,"S. Stanevičiaus g 42, Vilnius, Fabijoniškės",2021-12-31 22:00:00,,,,,580527.8720000004,6066027.9122
19,"D. Gerbutavičiaus g 10, Vilnius, Karoliniškės",2021-12-31 22:00:00,,,,,578063.4332999997,6062568.828500001
20,"Medeinos g 41, Vilnius, Pašilaičiai",2021-12-31 22:00:00,,,,,578664.3104999997,6066383.7004
21,"Gedvydžių g 2, Vilnius, Fabijoniškės",2021-12-31 22:00:00,,,,,579608.5286999997,6067326.302300001
22,"Viršuliškių g 18, Vilnius, Viršuliškės",2021-12-31 22:00:00,,,,,578893.3817999996,6064612.510600001
23,"Architektų g 91, Vilnius, Lazdynai",2021-12-31 22:00:00,,,,,578288.9738999996,6061242.1204
24,"Žirmūnų g 126, Vilnius, Žirmūnai",2021-12-31 22:00:00,,,,,583747.9252000004,6065892.576099999
25,"Rudaminos g 9, Vilnius, Naujininkai",2021-12-31 22:00:00,,,,,582683.1754999999,6059245.357899999
26,"Rūdninkų g 20, Vilnius",2021-12-31 22:00:00,,,,,582820.0032000002,6060711.2453000005
27,"Gerosios Vilties g 44, Vilnius, Vilkpėdė",2021-12-31 22:00:00,,,,,580669.8227000004,6059743.931700001
28,"Ūmėdžių g 96, Vilnius, Vilkpėdė",2021-12-31 22:00:00,,,,,578070.4199000001,6056713.069499999
29,"Taikos g 155, Vilnius, Justiniškės",2021-12-31 22:00:00,,,,,578236.8947999999,6065032.8972
30,"Gedvydžių g, Vilnius",2021-12-31 22:00:00,,,,,579926.6128000002,6067745.335200001
31,"Žirmūnų g 76, Vilnius, Žirmūnai",2021-12-31 22:00:00,,,,,583859.9571000002,6065951.1668
32,"M. Daukšos g 15, Vilnius, Senamiestis",2021-12-31 22:00:00,,,,,583565.9184999997,6060534.5737
33,"Žygio g 3, Vilnius, Žirmūnai",2021-12-31 22:00:00,,,,,583164.7797999997,6063933.9955
34,"Olandų g 57, Vilnius, Senamiestis",2021-12-31 22:00:00,,,,,584765.8606000002,6061450.3686
35,"Justiniškių g, Vilnius",2021-12-31 22:00:00,,,,,578553.744,6063720.918099999
36,"Totorių g 8, Vilnius, Senamiestis",2021-12-31 22:00:00,,,,,582681.0756999999,6061772.8791000005
37,"P. Žadeikos g 24, Vilnius, Fabijoniškės",2021-12-31 22:00:00,,,,,579976.0020000003,6067115.5243999995
38,"Gedimino pr 14, Vilnius, Senamiestis",2021-12-31 22:00:00,,,,,582581.5527999997,6061885.7004
39,"S. Stanevičiaus g 108, Vilnius, Fabijoniškės",2021-12-31 22:00:00,,,,,580783.1584999999,6066825.4143
40,"Sodų g 22, Vilnius, Naujamiestis",2021-12-31 22:00:00,,,,,582690.9583999999,6060154.982100001
41,"Linksmoji g 57, Vilnius, Naujoji Vilnia",2021-12-31 22:00:00,,,,,592030.5510999998,6061619.9333999995
42,"Kernavės g 88, Vilnius, Šnipiškės",2021-12-31 22:00:00,,,,,582180.7326999996,6064722.8741
44,"T. Kosciuškos g 10, Vilnius, Senamiestis",2021-12-31 22:00:00,,,,,583604.7521000002,6062408.9055
45,"Papilėnų g 17, Vilnius, Pilaitė",2021-12-31 22:00:00,,,,,576460.5334000001,6064118.645099999
46,"Didlaukio g 70, Vilnius, Verkiai",2021-12-31 22:00:00,,,,,581885.1742000002,6066554.7311
47,"Erfurto g 41, Vilnius, Lazdynai",2021-12-31 22:00:00,,,,,577302.5193999996,6060199.9036
48,"Žirmūnų g 136, Vilnius, Žirmūnai",2021-12-31 22:00:00,,,,,583633.1920999996,6065954.0975
49,"L. Asanavičiūtės g 38, Vilnius, Karoliniškės",2021-12-31 22:00:00,,,,,578185.6072000004,6062369.907
50,"A. Mickevičiaus g 33, Vilnius, Žvėrynas",2021-12-31 22:00:00,,,,,580468.3463000003,6062190.5978999995
51,"Nemenčinės pl 8, Vilnius, Antakalnis",2021-12-31 22:00:00,,,,,585194.6295999996,6066258.2224
52,"Ateities g 11, Vilnius, Verkiai",2021-12-31 22:00:00,,,,,581521.5152000003,6067522.8725000005
53,"Sėlių g 43, Vilnius, Žvėrynas",2021-12-31 22:00:00,,,,,580269.3635,6063209.4507
54,"Viršuliškių g 73, Vilnius, Viršuliškės",2021-12-31 22:00:00,,,,,578990.4578,6064076.7709
55,"Alytaus g 7, Vilnius, Naujininkai",2021-12-31 22:00:00,,,,,583173.0722000003,6059281.623500001
56,"Parko g 18, Vilnius, Naujoji Vilnia",2021-12-31 22:00:00,,,,,591475.7055000002,6061976.445699999
57,"L. Asanavičiūtės g 29A, Vilnius, Karoliniškės",2021-12-31 22:00:00,,,,,578398.2368999999,6062600.141899999
58,"Geležinio Vilko g 27, Vilnius, Vilkpėdė",2021-12-31 22:00:00,,,,,580163.9641000004,6060499.4914
59,"Maudyklos g 19, Vilnius, Antakalnis",2021-12-31 22:00:00,,,,,583558.5981000001,6067769.919299999
60,"Kernavės g 25, Vilnius, Šnipiškės",2021-12-31 22:00:00,,,,,582258.5848000003,6063955.401799999
61,"Nemenčinės pl 14, Vilnius, Antakalnis",2021-12-31 22:00:00,,,,,585309.0175999999,6066318.7729
62,"Karaliaučiaus g 5B, Vilnius, Pilaitė",2021-12-31 22:00:00,,,,,575581.2110000001,6063819.0276
63,"Minties g 30, Vilnius, Žirmūnai",2021-12-31 22:00:00,,,,,583615.4093000004,6063862.591399999
64,"Uosių Sodų 28-oji g 3, Vilnius, Naujoji Vilnia",2021-12-31 22:00:00,,,,,589571.4018999999,6063608.984999999
65,"Architektų g 178, Vilnius, Lazdynai",2021-12-31 22:00:00,,,,,578494.2569000004,6061325.643100001
66,"A. Kojelavičiaus g 149, Vilnius, Naujoji Vilnia",2021-12-31 22:00:00,,,,,590873.5312999999,6062932.2092
67,"V. Sirokomlės g 19, Vilnius, Naujoji Vilnia",2021-12-31 22:00:00,,,,,590689.8934000004,6062299.679400001
68,"Taikos g 70, Vilnius, Justiniškės",2021-12-31 22:00:00,,,,,578410.5379999997,6065661.203
69,"Krakiškių g, Vilnius
",2021-12-31 22:00:00,,,,,586262.6841000002,6072515.2739
70,"Dzūkų g 25, Vilnius, Naujininkai",2021-12-31 22:00:00,,,,,582529.9025999997,6059418.9088
71,"Erfurto g 6, Vilnius, Lazdynai
",2022-01-06 22:00:00,,,,,578272.3985000001,6060760.724300001
73,"Bazilijonų g 3, Vilnius, Senamiestis",2022-01-06 22:00:00,,,,,583051.2460000003,6060497.9024
74,"Taikos g 24, Vilnius, Justiniškės",2022-01-06 22:00:00,,,,,579027.5146000003,6065417.2256000005
75,"Kalvarijų g, Vilnius
",2022-01-06 22:00:00,,,,,582475.9170000004,6066206.933
76,"Smolensko g 5, Vilnius, Naujamiestis",2022-01-06 22:00:00,,,,,581333.2006999999,6059867.3268
77,"V. Smakausko g. 29, 14188, Vilniaus m., Vilniaus m. sav., Vilniaus apskr.",2022-01-13 22:00:00,,,,,577543.2309999997,6069225.266799999
78,"Pergalės g. 15, 14163, Zujūnų sen., Zujūnų k., Vilniaus r. sav., Vilniaus apskr.",2022-01-13 22:00:00,,,,,575932.8742000004,6065958.857000001
79,"Dvarčionių Sodų 3-ioji g. 4, 10234, Vilniaus m., Vilniaus m. sav., Vilniaus apskr.",2022-01-13 22:00:00,,,,,588637.3438999997,6066502.0287
80,"Zarasų g. 5A, 01205, Vilniaus m., Vilniaus m. sav., Vilniaus apskr.",2022-01-13 22:00:00,,,,,584650.2242999999,6061325.394099999
81,"Gelvadiškių Sodų 6-oji g. 16, 10106, Vilniaus m., Vilniaus m. sav., Vilniaus apskr.",2022-01-13 22:00:00,,,,,587466.5000999998,6069741.2819
82,"D. Poškos g. 57, 08114, Vilniaus m., Vilniaus m. sav., Vilniaus apskr.",2022-01-13 22:00:00,,,,,580313.6155000003,6062626.315199999
83,"Architektų g. 28, 04120, Vilniaus m., Vilniaus m. sav., Vilniaus apskr.
",2022-01-13 22:00:00,,,,,578370.7531000003,6060418.2225
84,"Žygio g. 18, 08232, Vilniaus m., Vilniaus m. sav., Vilniaus apskr.",2022-01-13 22:00:00,,,,,583363.8366999999,6063957.5337000005
85,"A. Vivulskio g. 41, 03114, Vilniaus m., Vilniaus m. sav., Vilniaus apskr.",2022-01-20 22:00:00,,,,,581233.8716000002,6060871.1789
86,"Konstitucijos pr. 29, 08105, Vilniaus m., Vilniaus m. sav., Vilniaus apskr.
",2022-01-20 22:00:00,,,,,581520.3947000001,6063245.373400001
87,"Laisvės pr. 123, 06118, Vilniaus m., Vilniaus m. sav., Vilniaus apskr.",2022-01-20 22:00:00,,,,,579524.9287,6066356.493799999
88,"Salininkų g. 147, 02201, Vilniaus m., Vilniaus m. sav., Vilniaus apskr.",2022-01-20 22:00:00,,,,,580741.9824999999,6052868.6325
89,"Žolyno g. 11D, 10209, Vilniaus m., Vilniaus m. sav., Vilniaus apskr.",2022-01-20 22:00:00,,,,,585086.0258,6064593.858100001
90,"S. Skapo g. 3, 01122, Vilniaus m., Vilniaus m. sav., Vilniaus apskr.",2022-01-20 22:00:00,,,,,583026.4446999999,6061587.385299999
91,"Geležinkelio . 16, 02100, Vilniaus m., Vilniaus m. sav., Vilniaus apskr.
",2022-01-20 22:00:00,,,,,582829.6804999998,6060091.036
93,"Konstitucijos pr. 7A, 09308, Vilniaus m., Vilniaus m. sav., Vilniaus apskr.",2022-01-20 22:00:00,,,,,582280.0294000003,6062916.9615
94,"Laisvės pr. 4, 04342, Vilniaus m., Vilniaus m. sav., Vilniaus apskr.
",2022-01-20 22:00:00,,,,,578676.6305999998,6063036.823899999
95,"A. Stulginskio gatvė, 01115, Vilnius, Naujamiestis, Vilniaus Miesto savivaldybė, Vilniaus Apskritis",2022-01-20 22:00:00,,,,,582217.1730000004,6062011.7914
96,"Tuskulėnų g. 23, 09218, Vilniaus m., Vilniaus m. sav., Vilniaus apskr.",2022-01-20 22:00:00,,,,,583311.7046999997,6063472.3344
97,"Savanorių pr. 37, 03129, Vilniaus m., Vilniaus m. sav., Vilniaus apskr.",2022-01-20 22:00:00,,,,,580346.2851999998,6060470.239
98,"Geležinkelio g. 16, 02100, Vilniaus m., Vilniaus m. sav., Vilniaus apskr.",2022-01-20 22:00:00,,,,,582845.4175000004,6060099.7861
99,"S. Stanevičiaus g. 11, 07134, Vilniaus m., Vilniaus m. sav., Vilniaus apskr.",2022-01-20 22:00:00,,,,,581115.8102000002,6065816.5287999995
100,"J. Balčikonio g. 3, 08247, Vilniaus m., Vilniaus m. sav., Vilniaus apskr.",2022-01-20 22:00:00,,,,,582797.1697000004,6065492.6581
101,"Kapsų g. 9, 02169, Vilniaus m., Vilniaus m. sav., Vilniaus apskr.",2022-01-20 22:00:00,,,,,582423.9631000003,6059014.117000001
102,"VILNIAUS G. 63, Grigiškės",2022-01-27 22:00:00,,,,,570985.2834999999,6059866.345000001
103,"Rinktinės g, Vilnius",2022-01-27 22:00:00,,,,,583071.4211999997,6062205.684800001
502,"Buivydiškių g, Vilnius",2022-01-27 22:00:00,,,,,579325.8454999998,6065098.0645
503,"Maironio g 1, Vilnius, Senamiestis",2022-01-27 22:00:00,,,,,583370.1758000003,6061704.5701
504,"Žemynos g 11, Vilnius, Pašilaičiai",2022-01-27 22:00:00,,,,,579292.7396999998,6065971.2097
505,"Nugalėtojų g 21B, Vilnius, Antakalnis",2022-01-27 22:00:00,,,,,586502.8888999997,6067124.850099999
506,"Vydūno g 17, Vilnius, Pilaitė",2022-01-27 22:00:00,,,,,576271.1035000002,6064057.920399999
507,"Taikos g 104, Vilnius, Justiniškės",2022-01-27 22:00:00,,,,,578247.2659999998,6065302.975199999
508,"Dariaus ir Girėno g 5C, Vilnius, Naujininkai",2022-01-27 22:00:00,,,,,582084.2846999997,6059205.7228999995
509,"Taikos g 57, Vilnius, Justiniškės",2022-01-27 22:00:00,,,,,578897.5071999999,6065672.3552
510,"Medeinos g 27, Vilnius, Pašilaičiai",2022-01-27 22:00:00,,,,,578770.9335000003,6066199.538699999
511,"Antakalnio g 72, Vilnius, Antakalnis",2022-01-27 22:00:00,,,,,584661.909,6064489.7729
512,"Erfurto g 14, Vilnius, Lazdynai",2022-01-27 22:00:00,,,,,578252.7259999998,6060721.5626
513,"S. Nėries g 81, Vilnius, Fabijoniškės",2022-01-27 22:00:00,,,,,579239.1733999997,6068003.833900001
514,"Parko g 22, Vilnius, Naujoji Vilnia
",2022-01-27 22:00:00,,,,,591595.0800000001,6061984.982899999
515,"Mėnulio g 7, Vilnius, Karoliniškės",2022-01-27 22:00:00,,,,,578425.6947999997,6063153.3178
516,"Arimų g 35, Vilnius, Naujoji Vilnia",2022-01-27 22:00:00,,,,,592304.2844000002,6063758.7641
517,"Žolyno g 36, Vilnius, Antakalnis",2022-01-27 22:00:00,,,,,585725.9532000003,6064377.0868999995
518,"S. Stanevičiaus g 12, Vilnius, Fabijoniškės",2022-01-27 22:00:00,,,,,580669.9278999995,6065805.970899999
519,"Fabijoniškių g 11, Vilnius, Fabijoniškės",2022-01-27 22:00:00,,,,,580368.4263000004,6065849.066299999
521,"Saulėtekio al 43, Vilnius, Antakalnis",2022-01-27 22:00:00,,,,,586447.2027000003,6066243.3222
522,"Antakalnio g 102, Vilnius, Antakalnis",2022-01-27 22:00:00,,,,,584786.5668000001,6065111.1282
523,"Lukiškių a, Vilnius",2022-01-27 22:00:00,,,,,581922.1939000003,6062179.208799999
524,"Erfurto g 29, Vilnius, Lazdynai",2022-01-27 22:00:00,,,,,577548.6786000002,6060465.039899999
525,"Justiniškių g 56, Vilnius, Justiniškės",2022-01-27 22:00:00,,,,,578575.6957,6065082.182700001
526,"Taikos g 187, Vilnius, Justiniškės",2022-02-03 22:00:00,,,,,578138.7016000003,6064801.620999999
527,"Fabijoniškių g 41, Vilnius, Fabijoniškės",2022-02-03 22:00:00,,,,,580300.8948999997,6066007.3552
528,"Vilniaus g 39, Vilnius, Senamiestis",2022-02-03 22:00:00,,,,,582539.6697000004,6061359.2411
529,"Labdarių g 5, Vilnius, Senamiestis",2022-02-03 22:00:00,,,,,582581.4770999998,6061704.2367
530,"Laisvės pr 77, Vilnius, Pašilaičiai
",2022-02-03 22:00:00,,,,,579502.5215999996,6065827.563999999
531,"Ukmergės g 224, Vilnius, Šeškinė",2022-02-03 22:00:00,,,,,580188.1235999996,6065284.0921
532,"V. Vaitkaus g 1, Vilnius, Karoliniškės",2022-02-03 22:00:00,,,,,578916.3337000003,6063062.286800001
533,"Gelvadiškių g 6, Vilnius, Antakalnis",2022-02-03 22:00:00,,,,,587122.7890999997,6069224.906400001
534,"Dzūkų g 34, Vilnius, Naujininkai",2022-02-03 22:00:00,,,,,582972.9265999999,6059515.511
535,"Paberžės g 16, Vilnius, Šeškinė",2022-02-03 22:00:00,,,,,580760.7422000002,6065263.7424
536,"Didlaukio g 23, Vilnius, Verkiai",2022-02-03 22:00:00,,,,,582036.3558,6066677.649599999
537,"Vydūno g 17A, Vilnius, Pilaitė",2022-02-03 22:00:00,,,,,576054.8157000002,6064034.156300001
538,"Romuvos g 54, Vilnius, Verkiai",2022-02-03 22:00:00,,,,,586818.1763000004,6072857.863299999
539,"Laisvės pr 77, Vilnius, Pašilaičiai
",2022-02-03 22:00:00,,,,,579499.7304999996,6065828.5714
540,"Žemynos g 7, Vilnius, Pašilaičiai",2022-02-03 22:00:00,,,,,579240.6425999999,6066118.5898
541,"Erfurto g 35, Vilnius, Lazdynai",2022-02-03 22:00:00,,,,,577410.1391000003,6060323.2466
542,"Filaretų g 29, Vilnius, Rasos",2022-02-03 22:00:00,,,,,584470.2704999996,6061727.345000001
543,"L. Asanavičiūtės g 38, Vilnius, Karoliniškės",2022-02-10 22:00:00,,,,,578174.5185000002,6062378.717
544,"Gedimino pr 6, Vilnius, Senamiestis",2022-02-10 22:00:00,,,,,582727.5993999997,6061869.578199999
545,"Adutiškio g 5A, Vilnius, Naujininkai",2022-02-10 22:00:00,,,,,582986.0105999997,6059702.7917
546,"Rūdninkų g 4, Vilnius, Senamiestis",2022-02-10 22:00:00,,,,,582942.9672999997,6060874.4202
547,"Žirmūnų g 91, Vilnius, Žirmūnai",2022-02-10 22:00:00,,,,,584182.3219999997,6065652.365599999
548,"Arklių g, Vilnius",2022-02-10 22:00:00,,,,,582991.0153000001,6060845.0262
549,"Žirmūnų g 2, Vilnius, Žirmūnai",2022-02-10 22:00:00,,,,,583707.5471999999,6063034.231799999
550,"Eitminų g 14, Vilnius, Pašilaičiai",2022-02-10 22:00:00,,,,,578549.5434999997,6067793.0425
551,"Miglos g 3, Vilnius, Žvėrynas",2022-02-10 22:00:00,,,,,580470.9881999996,6063699.8521
552,"Laisvės pr, Vilnius",2022-02-10 22:00:00,,,,,579032.4288999997,6063900.0283
553,"Blindžių g 19, Vilnius, Žvėrynas",2022-02-10 22:00:00,,,,,579828.8767999997,6062853.2718
554,"Gabijos g 2, Vilnius, Pašilaičiai",2022-02-10 22:00:00,,,,,579281.7130000005,6067114.4366999995
555,"Gariūnų g 49, Vilnius, Paneriai",2022-02-10 22:00:00,,,,,574899.9866000004,6058615.954299999
556,"Konstitucijos pr 12, Vilnius, Šnipiškės",2022-02-10 22:00:00,,,,,582392.4649,6062827.658
557,"Priegliaus g 10, Vilnius, Pilaitė",2022-02-10 22:00:00,,,,,576462.9937000005,6064633.7489
558,"Šiltnamių g 38, Vilnius, Lazdynai",2022-02-10 22:00:00,,,,,578468.2893000003,6059711.942299999
559,"Uosių g12, Vilnius, Naujoji Vilnia
",2022-02-10 22:00:00,,,,,590066.0062999995,6063613.2951
560,"Nemenčinės pl 220, Vilnius, Antakalnis",2022-02-10 22:00:00,,,,,589988.2264,6074602.609200001
561,"Pylimo g 58, Vilnius, Senamiestis",2022-02-10 22:00:00,,,,,582909.9730000002,6060473.315400001
562,"Sausio 13-osios g 2A, Vilnius, Karoliniškės",2022-02-10 22:00:00,,,,,578835.5795,6062646.9003
563,"Kalvarijų g 62, Vilnius, Šnipiškės",2022-02-10 22:00:00,,,,,582688.7900999999,6063465.7949
564,"Naugarduko g. 98, Vilnius, Naujamiestis",2022-11-27 22:00:00,,,,,581035.3059999999,6059831.374
565,"Sausio 13-osios g. 37, Vilnius, Karoliniškės",2022-11-27 22:00:00,,,,,578195.2598000001,6062027.6832
566,"Šeimyniškių g. 38, Vilnius, Žirmūnai",2022-11-27 22:00:00,,,,,583390.5641999999,6062881.3795
567,"Švitrigailos g. 41, Vilnius, Naujamiestis",2022-11-27 22:00:00,,,,,581667.6809999999,6059689.228700001
568,"Savanorių pr. 31, Vilnius, Vilkpėdė",2022-11-27 22:00:00,,,,,580486.9409999996,6060432.729699999
569,"Žaibo g. 7, Vilnius, Naujoji Vilnia",2022-11-27 22:00:00,,,,,576703.3885000004,6058812.7719
570,"Kirtimų g. 49, Vilnius, Paneriai",2022-11-27 22:00:00,,,,,574673.4254000001,6054459.115
571,"Pylimo g. 49, Vilnius, Senamiestis",2022-11-27 22:00:00,,,,,582843.0877999999,6060552.920399999
572,"Aušros vartų g. 7A, Vilnius, Senamiestis",2022-11-27 22:00:00,,,,,583048.6600000001,6060625.3785999995
573,"Ozo g., Vilnius, Šeškinė",2022-11-27 22:00:00,,,,,581233.8773999996,6064735.8188000005
574,"Kalvarijų g. 1, Vilnius, Šnipiškės",2022-11-27 22:00:00,,,,,582559.9556,6062538.066500001
575,"Šiaurės g. 88, Vilnius, Naujoji Vilnia",2022-11-27 22:00:00,,,,,590757.8629000001,6063652.558499999
576,"Darkiemio g. 14, Vilnius, Pilaitė",2022-11-27 22:00:00,,,,,576860.3295,6064523.290999999
577,"Ševčenkos g. 16I, Vilnius, Naujamiestis",2022-11-27 22:00:00,,,,,581632.4598000003,6060748.8037
578,"Krivūlės g. 9, Vilnius, Senamiestis",2022-11-27 22:00:00,,,,,584189.9647000004,6060904.4637
579,"V. Žalakevičiaus g., Vilnius, Antakalnis",2022-11-27 22:00:00,,,,,584885.7413999997,6066341.292099999
580,"V. Maciulevičiaus g. Vilnius, Karoliniškės",2022-11-27 22:00:00,,,,,577637.5711000003,6062064.9077
581,"Pylimo g. 61, Vilnius, Senamiestis",2022-12-04 22:00:00,,,,,582965.0191000002,6060358.0035999995
582,"J. Jasinskio g. 16A, Vilnius, Naujamiestis",2022-12-04 22:00:00,,,,,581201.0888,6061865.0986
583,"Kalvarijų g. 61, Vilnius, Šnipiškės",2022-12-04 22:00:00,,,,,582711.6862000003,6063350.6598000005
584,"Fabijoniškių g. 61, Vilnius, Fabijoniškės",2022-12-04 22:00:00,,,,,580224.3216000004,6066215.7695
585,"Trakų g. 11, Vilnius, Senamiestis",2022-12-04 22:00:00,,,,,582590.2587000001,6061170.3144000005
586,"Bokšto g. 8A, Vilnius, Senamiestis",2022-12-04 22:00:00,,,,,583260.6064999998,6061135.9026999995
587,"Viršuliškių g. 55, Vilnius, Viršuliškės",2022-12-04 22:00:00,,,,,578782.2651000004,6064126.783
588,"P. Širvio g. 14, Vilnius, Antakalnis",2022-12-04 22:00:00,,,,,584961.5871000001,6065009.178400001
589,"A. Kojelavičiaus g. 72, Vilnius, Naujoji Vilnia",2022-12-04 22:00:00,,,,,589341.6292000003,6063118.7971
590,"Viršuliškių g. 28, Vilnius, Viršuliškės",2022-12-04 22:00:00,,,,,578761.1309000002,6064424.681
591,"Žirmūnų g. 69, Vilnius, Žirmūnai",2022-12-04 22:00:00,,,,,584265.7567999996,6065465.8226
592,"Parko g. 8, Vilnius, Naujoji Vilnia",2022-12-04 22:00:00,,,,,591147.5895999996,6062256.5931
593,"J. Jasinskio g. 16A, Vilnius, Naujamiestis",2022-12-04 22:00:00,,,,,581201.0721000005,6061859.2917
594,"A. Kojelavičiaus g. 50, Vilnius, Naujoji Vilnia",2022-12-04 22:00:00,,,,,589021.4671999998,6063133.6833
595,"Gedimino pr. 9, Vilnius, Senamiestis",2022-12-04 22:00:00,,,,,582612.6359999999,6061917.325200001
596,"Savanorių pr. 139, Vilnius, Vilkpėdė",2022-12-04 22:00:00,,,,,579479.2401,6058792.0923999995
597,"Gedimino pr. 9, Vilnius, Senamiestis",2022-12-04 22:00:00,,,,,582617.6889000004,6061916.1294
598,"R. Jankaus g. 5, Vilnius, Karoliniškės",2022-12-04 22:00:00,,,,,578025.5080000004,6062278.3029
599,"Pamėnkalnio g. 3, Vilnius, Naujamiestis",2022-12-04 22:00:00,,,,,582293.0493000001,6061714.201199999
600,"Belvederio g. 13, Vilnius, Rasos",2022-12-04 22:00:00,,,,,584838.1436000001,6060214.8769000005
601,"Čiurlionio g. 34, Vilnius, Naujamiestis",2022-12-04 22:00:00,,,,,581280.6508999998,6061373.6905000005
602,"V. Druskio g. 9, Vilnius, Karoliniškės",2022-12-04 22:00:00,,,,,577576.3128000004,6061770.682
603,"Vilniaus g. 30, Vilnius, Senamiestis",2022-12-04 22:00:00,,,,,582583.4551999997,6061362.3314
604,"Kalvarijų g. 61, Vilnius, Šnipiškės",2022-12-04 22:00:00,,,,,582708.1801000005,6063350.769200001
605,"Justiniškių g. 126D, Vilnius, Pašilaičiai",2022-12-04 22:00:00,,,,,578182.6096000001,6066454.127599999
606,"L. Asanavičiūtės, g. 15, Vilnius, Karoliniškės",2022-12-04 22:00:00,,,,,577980.494,6062080.9712000005
607,"Viršuliškių g. 79, Vilnius, Viršuliškių",2022-12-11 22:00:00,,,,,579087.9773000004,6063951.857100001
608,"Viršuliškių g. 34, Vilnius, Viršuliškės",2022-12-11 22:00:00,,,,,578850.0396999996,6064192.2161
610,"Malūnų g. 3, Vilnius, Senamiestis",2022-12-11 22:00:00,,,,,583462.1785000004,6061349.535800001
612,"Kojelavičiaus g. 50, Vilnius, Naujoji Vilnia",2022-12-11 22:00:00,,,,,589026.1818000004,6063127.4669
613,"Lukiškių skg. 5, Vilnius, Nuajamiestis",2022-12-11 22:00:00,,,,,581601.3392000003,6062544.3278
614,"Jonažolių g. 5, Vilnius, Lazdynai",2022-12-11 22:00:00,,,,,578222.7721999995,6059613.5372
615,"Šalčininkų g. 5, Vilnius, Naujininkai",2022-12-11 22:00:00,,,,,580637.2654999997,6055889.159399999
616,"J. Tiškevičiaus g. 22, Vilnius, Paneriai",2022-12-11 22:00:00,,,,,571698.6416999996,6054767.9508
617,"Pylimo g. 43, Vilnius, Senamiestis",2022-12-11 22:00:00,,,,,582730.1967000002,6060637.995100001
618,"Polocko g. 4, Vilnius, Senamiestis",2022-12-11 22:00:00,,,,,583882.6881999997,6061316.2446
619,"Geležinkelio g., Vilnius, Naujamiestis",2022-12-11 22:00:00,,,,,582812.5301999999,6060122.741
620,"Leičių g. 11, Vilnius, Pašilaičiai",2022-12-11 22:00:00,,,,,578736.2668000003,6067585.205600001
621,"P. Žadeikos g. 11, Vilnius, Fabijoniškės",2022-12-11 22:00:00,,,,,580239.4110000003,6067017.4364
622,"Tolminkiemio g. 2D, Vilnius, Pilaitė",2022-12-11 22:00:00,,,,,576055.7587000001,6064112.34
623,"Sausio 13-osios g. 2, Vilnius, Karoliniškės",2022-12-11 22:00:00,,,,,578760.7704999996,6062482.5524
624,"Germanto g. 7, Vilnius, Verkiai",2022-12-11 22:00:00,,,,,580998.7808999997,6068851.616699999
625,"V. A. Graičiūno g. 22, Vilnius, Paneriai",2022-12-11 22:00:00,,,,,574296.4951,6053836.344799999
626,"Verkių g. 29, Vilnius, Žirmūnai",2022-12-11 22:00:00,,,,,583359.4106000001,6064933.319
627,"Lvovo g. 25, Vilnius, Šnipiškės",2022-12-18 22:00:00,,,,,582409.0746999998,6063005.070699999
628,"Ukmergės g. 282, Vilnius, Pašilaičiai",2022-12-18 22:00:00,,,,,579841.0477999998,6066412.048900001
629,"Šaltkalvių g. 32, Vilnius, Naujininkai",2022-12-18 22:00:00,,,,,581799.6869000001,6058961.2717
630,"Verkių g. 39, Vilnius, Žirmūnai",2022-12-18 22:00:00,,,,,583504.2210999997,6065632.1862
631,"Juodšilių g. 2, Vilnius, Paneriai",2022-12-18 22:00:00,,,,,575999.1766999997,6055328.9377999995
632,"Olandų g. 6, Vilnius, Antakalnis",2022-12-18 22:00:00,,,,,584154.1710000001,6062523.6547
633,"Verkių g. 25B, Vilnius, Žirmūnai",2022-12-18 22:00:00,,,,,583181.1348000001,6064555.1987
634,"Įsruties g. 22, Vilnius, Pilaitė",2022-12-18 22:00:00,,,,,576225.4928000001,6064177.268200001
635,"Perkūnkiemio g. 49, Vilnius, Pašilaičiai",2022-12-18 22:00:00,,,,,578252.5192999998,6067457.750399999
636,"T. Kosciuškos g. 13, Vilnius, Senamiestis",2022-12-18 22:00:00,,,,,584043.3616000004,6062494.053400001
637,"T. Narbuto g. , Vilnius, Viršuliškės",2022-12-18 22:00:00,,,,,579303.8173000002,6063345.8945
638,"Ozo g., Vilnius, Šeškinė",2022-12-18 22:00:00,,,,,581194.0458000004,6064715.213099999
639,"Viršuliškių g. 53D, Vilnius, Viršuliškės",2022-12-18 22:00:00,,,,,578763.3806999996,6063945.0276999995
640,"Skroblų g. 31, Vilnius, Vilkpėdė",2022-12-18 22:00:00,,,,,580781.9436999997,6059657.7184999995
641,"Skroblų g. 3, Vilnius, Vilkpėdė",2022-12-18 22:00:00,,,,,580858.9622,6060142.3429000005
642,"Mindaugo g. , Vilnius, Naujamiestis",2022-12-18 22:00:00,,,,,582172.5005000001,6060744.0514
643,"Naugarduko g. 34, Vilnius, Naujamiestis",2022-12-18 22:00:00,,,,,581891.6222999999,6060546.7664
644,"Kibirkšties g. 8, Vilnius, Paneriai",2022-12-18 22:00:00,,,,,576352.5475000003,6055824.668500001
645,"Justiniškių g. 95, Vilnius, Justiniškės",2022-12-18 22:00:00,,,,,578883.6835000003,6065317.604900001
646,"Trinapolio g. 11D, Vilnius, Verkiai",2022-12-18 22:00:00,,,,,583045.6667,6066055.320599999
647,"Architektų g. 180, Vilnius, Lazdynai",2022-12-18 22:00:00,,,,,578569.5558000002,6061389.7424
648,"Gedimino pr. 10, Vilnius, Senamiestis",2022-12-18 22:00:00,,,,,582655.8328999998,6061891.2608
649,"Ozo g. 25, Vilnius, Šeškinė",2022-12-18 22:00:00,,,,,581396.7379000001,6064607.895
650,"Totorių g. 23, Vilnius, Senamiestis",2022-12-18 22:00:00,,,,,582704.0625,6061529.3267
651,"Tuskulėnų g. 50, Vilnius, Žirmūnai",2022-12-18 22:00:00,,,,,583164.2903000005,6063453.9089
652,"A. Juozapavičiaus g. 6A, Vilnius, Šnipiškės",2022-12-18 22:00:00,,,,,582684.1041000001,6062611.2009
653,"A. Vivulskio g. 35, Vilnius, Naujamiestis",2022-12-18 22:00:00,,,,,581276.8458000002,6060927.582699999
654,"Pelesos g. 61, Vilnius, Rasos",2022-12-18 22:00:00,,,,,583301.2252000002,6060264.862500001
655,"Arklių g. 5, Vilnius, Senamiestis",2022-12-18 22:00:00,,,,,582964.4781,6060786.3487
656,"V. Grybo g. 21, Vilnius, Antakalnis",2022-12-18 22:00:00,,,,,584811.2478,6063851.3621
657,"Varšuvos g. 1, Vilnius, Rasos",2022-12-18 22:00:00,,,,,583548.1578000002,6060023.772600001
658,"Vydūno g. 27, Vilnius, Pilaitė",2022-12-18 22:00:00,,,,,575852.0086000003,6063999.4286
659,"Žemaitės g. 26, Vilnius, Naujamiestis",2022-12-18 22:00:00,,,,,581151.2927999999,6060131.235200001
660,"Kalvarijų g. 87, Vilnius, Žirmūnai",2022-12-18 22:00:00,,,,,582785.2950999998,6064037.8412999995
661,"Antakalnio g. 47, Vilnius, Antakalnis",2022-12-18 22:00:00,,,,,584533.3229999999,6064137.1513
662,"Viršuliškių g. 30, Vilnius, Viršuliškės",2022-12-18 22:00:00,,,,,578724.8842000002,6064372.9690000005
663,"Daubų g. 3, Vilnius, Fabijoniškės",2022-12-18 22:00:00,,,,,579232.8391000004,6069635.698899999
664,"Kauno g. 5, Vilnius, Naujamiestis",2022-12-18 22:00:00,,,,,582403.9107999997,6060353.0898
665,"Gailių g. 31, Vilnius, Antakalnis",2022-12-18 22:00:00,,,,,591414.1085999999,6066984.389699999
666,"Žaliakalnio g. 34, Vilnius, Naujoji Vilnia",2022-12-18 22:00:00,,,,,590349.6796000004,6062166.3137
667,"P. Vileišio g. 21, Vilnius, Antakalnis",2022-12-18 22:00:00,,,,,584450.8565999996,6064241.8376
668,"Totorių g. 16, Vilnius, Senamiestis",2022-12-18 22:00:00,,,,,582678.7971000001,6061692.1667
669,"Vokiečių g. 13, Vilnius, Senamiestis",2022-12-18 22:00:00,,,,,582782.0085000005,6061143.9563
670,"Vaduvos g. 14, Vilnius, Vilkpėdė",2022-12-18 22:00:00,,,,,577889.9477000004,6056423.5627
671,"Gardino g. 1B, Vilnius, Rasos",2022-12-18 22:00:00,,,,,583868.6366999997,6059534.342700001
672,"Eitminų g. 20, Vilnius, Pašilaičiai",2022-12-18 22:00:00,,,,,578464.3210000005,6067672.7782000005
673,"Benediktinų g., Vilnius, Senamiestis",2022-12-18 22:00:00,,,,,582605.7594999997,6061452.204399999
674,"Savanorių pr. 59, Vilnius, Vilkpėdė",2022-12-18 22:00:00,,,,,580077.5647,6060054.3497
675,"Deltuvos g. 11, Vilnius, Šeškinė",2022-12-18 22:00:00,,,,,580648.7969000004,6063968.514799999
676,"Naugarduko g. 49, Vilnius, Naujamiestis",2022-12-18 22:00:00,,,,,581498.9183999998,6060303.6228
677,"O. Lukauskaitės-Poškienės g. 6, Vilnius, Verkiai",2022-12-18 22:00:00,,,,,581139.9620000003,6067702.1861000005
678,"Savanorių pr. 72, Vilnius, Vilkpėdė",2022-12-18 22:00:00,,,,,580078.8091000002,6059942.0338
679,"Didlaukio g. 67A, Vilnius, Verkiai",2022-12-18 22:00:00,,,,,581235.1432999996,6067059.793099999
680,"Paberžės g. 18, Vilnius, Šeškinė",2022-12-18 22:00:00,,,,,580734.1651999997,6065311.5559
681,"Savanorių pr. 31, Vilnius, Vilkpėdė",2022-12-25 22:00:00,,,,,580487.9307000004,6060434.0677000005
682,"Pylimo g. 58, Vilnius, Senamiestis",2022-12-25 22:00:00,,,,,582914.5569000002,6060475.7094
683,"Mindaugo g. 23A, Vilnius, Naujamiestis",2022-12-25 22:00:00,,,,,582166.4204000002,6060485.0953
684,"E. Pliaterytės g. 48, Vilnius, Paneriai",2022-12-25 22:00:00,,,,,572105.5533999996,6054442.212300001
685,"Justiniškių g., Vilnius",2022-12-25 22:00:00,,,,,578690.6220000004,6065224.0834
686,"Žirnių g. 28, Vilnius, Naujininkai",2022-12-25 22:00:00,,,,,583020.0186999999,6058232.9102
687,"Smolensko g. 10B, Vilnius, Naujamiestis",2022-12-25 22:00:00,,,,,581173.5526999999,6060275.738299999
688,"Panevėžio g. 31A, Vilnius, Naujininkai",2022-12-25 22:00:00,,,,,582788.2348999996,6059205.133199999
689,"Buivydiškių g. 11, Vilnius, Šeškinė",2022-12-25 22:00:00,,,,,579912.3815000001,6064844.1994
690,"Vaduvos g. 21, Vilnius, Vilkpėdė",2022-12-25 22:00:00,,,,,577786.8920999998,6056756.611
691,"Vilniaus g. 28, Vilnius, Senamiestis",2022-12-25 22:00:00,,,,,582531.4463999998,6061461.2282
692,"Justiniškių g. 91, Vilnius, Justiniškės",2022-12-25 22:00:00,,,,,578748.0969000002,6065255.2794
693,"Dzūkų g. 57, Vilnius, Naujininkai",2022-12-25 22:00:00,,,,,583192.1401000004,6059384.7338
694,"Savanorių pr. 31, Vilnius, Vilkpėdė",2022-12-25 22:00:00,,,,,580487.5164999999,6060433.4037999995
695,"Pergalės g. 10, Vilnius, Naujoji Vilnia",2022-12-25 22:00:00,,,,,591034.3596999999,6062415.646600001
696,"Vilkiškės g. 17A, Vilnius, Paneriai",2022-12-25 22:00:00,,,,,570938.2652000003,6054831.065300001
697,"Jaunimo skg. 5, Grigiškės, Grigiškės",2022-12-25 22:00:00,,,,,570569.8217000002,6059963.796399999
698,"Krivių g. 35, Vilnius, Senamiestis",2022-12-25 22:00:00,,,,,584109.1392000001,6061782.986
699,"Dariaus ir Girėno g. 5A, Vilnius, Naujininkai",2022-12-25 22:00:00,,,,,582118.9565000003,6059189.9997000005
700,"Šaltkalvių g. 8, Vilnius, Naujininkai",2022-12-25 22:00:00,,,,,582032.1738999998,6058915.8311
701,"Saltoniškių g. 9B, Vilnius, Žvėrynas",2023-02-05 22:00:00,,,,,581223.8904999997,6063375.025800001
702,"P. Vileišio g. 24, Vilnius, Antakalnis",2023-02-05 22:00:00,,,,,584512.1803000001,6064397.0043
703,"Savanorių pr. 180, Vilnius, Vilkpėdė",2023-02-05 22:00:00,,,,,578329.0240000002,6057512.2908
704,"Žemaitės g. 8, Vilnius, Naujamiestis",2023-02-05 22:00:00,,,,,580920.5579000004,6060390.289999999
705,"Dzūkų g. 1, Vilnius, Naujininkai",2023-02-05 22:00:00,,,,,582338.5959999999,6059505.3091
706,"Šiaurės g. 37, Vilnius, Naujoji Vilnia",2023-02-05 22:00:00,,,,,590858.8332000002,6063588.912599999
707,"Viršuliškių g. 7, Vilnius, Viršuliškės",2023-02-05 22:00:00,,,,,579027.1942999996,6064745.916300001
708,"Metalo g. 2A, Vilnius, Naujininkai",2023-02-05 22:00:00,,,,,581745.8251999998,6057194.763499999
709,"Kalvarijų g. 276A, Vilnius, Verkiai",2023-02-05 22:00:00,,,,,582392.1134000001,6066744.149700001
710,"Eišiškių g. 45, Vilnius, Naujininkai",2023-02-05 22:00:00,,,,,581419.7554000001,6057072.759099999
711,"Architektų g. 202, Vilnius, Lazdynai",2023-11-23 22:00:00,,,,,578766.8998999996,6061438.9179
712,"Koklių g. 21, Vilnius, Antakalnis",2023-11-23 22:00:00,,,,,588212.6391000003,6066163.541999999
713,"Geležinio Vilko g. 5, Vilnius, Vilkpėdė",2023-11-23 22:00:00,,,,,579933.9934999999,6060089.6384
714,"A. Kojelavičiaus g. 25, Vilnius, Naujoji Vilnia",2023-11-23 22:00:00,,,,,589157.8795999996,6062928.418099999
715,"S. Krasausko g., Vinius, Paneriai",2023-11-23 22:00:00,,,,,570303.2926000003,6057078.304500001
716,"Linkmenų g. 28, Vilnius, Šnipiškės",2023-11-23 22:00:00,,,,,581842.4689999996,6064306.0063000005
717,"Gariūnų g. 68, Vilnius, Paneriai",2023-11-23 22:00:00,,,,,574671.5151000004,6058799.2729
718,"Gudų g. 3, Vilnius, Naujininkai",2023-11-23 22:00:00,,,,,583034.7537000002,6059849.196
719,"Verkių g. 35, Vilnius, Žirmūnai",2023-11-23 22:00:00,,,,,583453.0602000002,6065135.5254999995
720,"Ozo g. 39, Vilnius, Šeškinė",2023-11-23 22:00:00,,,,,580130.9033000004,6064283.1943
721,"Didžioji g. 35, Vilnius, Senamiestis",2023-11-23 22:00:00,,,,,583026.3247999996,6060875.761
722,"Skersinės Sodų 4-oji g. 3, Vilnius, Verkiai",2023-11-23 22:00:00,,,,,581618.9489000002,6071001.1811999995
723,"Gražinos g. 18, Vilnius, Antakalnis",2023-11-23 22:00:00,,,,,585545.0476000002,6065455.234099999
724,"Krokuvos g. 3, Vilnius, Šnipiškės",2023-11-23 22:00:00,,,,,582402.2676999997,6063099.296800001
725,"L. Asanavičiūtės g. 46, Vilnius, Karoliniškės",2023-11-23 22:00:00,,,,,578309.8825000003,6062631.6338
726,"Aukų g. 3, Vilnius, Naujamiestis",2023-11-23 22:00:00,,,,,581889.2324999999,6062017.869999999
727,"Pilkalnio g. 3, Vilnius, Pilaitė",2023-11-23 22:00:00,,,,,575049.7143000001,6064317.0173
732,"Bistryčios g. 33, Vilnius, Antakalnis",2023-11-30 22:00:00,MANTAS.KACINAUSKAS,MANTAS.KACINAUSKAS,2023-12-19 04:40:24,2023-12-12 08:35:32,585529.6719000004,6064284.131999999
733,"Konstitucijos pr. 20, Vilnius, Šnipiškės",2023-11-30 22:00:00,MANTAS.KACINAUSKAS,MANTAS.KACINAUSKAS,2023-12-19 04:41:19,2023-12-12 08:38:19,582214.6879000003,6062848.0189
735,"Genių g. 16, Vilnius, Naujoji Vilnia",2023-11-30 22:00:00,MANTAS.KACINAUSKAS,MANTAS.KACINAUSKAS,2023-12-19 04:41:52,2023-12-12 08:44:46,591745.8710000003,6062327.3507
736,"Siesikų g. 21, Vilnius, Šeškinė",2023-11-30 22:00:00,MANTAS.KACINAUSKAS,MANTAS.KACINAUSKAS,2023-12-19 04:42:17,2023-12-12 08:49:16,580526.3247999996,6064354.213300001
738,"Kovo 11-osios g. 30, Vilnius, Grigiškės",2023-11-30 22:00:00,MANTAS.KACINAUSKAS,MANTAS.KACINAUSKAS,2023-12-19 04:42:57,2023-12-12 08:52:31,570364.6557999998,6059962.5726
739,"Baltupio g. 39, Vilnius, Verkiai",2023-11-30 22:00:00,MANTAS.KACINAUSKAS,MANTAS.KACINAUSKAS,2023-12-19 04:47:08,2023-12-12 08:54:05,581871.1688999999,6066270.2283
740,"Gedimino pr. 6, Vilnius, Senamiestis",2023-11-30 22:00:00,MANTAS.KACINAUSKAS,MANTAS.KACINAUSKAS,2023-12-19 04:43:31,2023-12-12 08:56:22,582749.2202000003,6061861.1515999995
1129,"Pylimo g. 4, Vilnius, Senamiestis",2023-12-07 22:00:00,MANTAS.KACINAUSKAS,MANTAS.KACINAUSKAS,2023-12-19 04:54:25,2023-12-19 04:53:17,582356.3887,6061583.545499999
1132,"Žirnių g., Vilnius, Rasos",2023-12-07 22:00:00,MANTAS.KACINAUSKAS,MANTAS.KACINAUSKAS,2023-12-19 04:58:06,2023-12-19 04:57:05,584096.5225999998,6058281.5174
1133,"Gariūnų g., Vilnius, Paneriai",2023-12-07 22:00:00,MANTAS.KACINAUSKAS,MANTAS.KACINAUSKAS,2023-12-19 05:00:04,2023-12-19 04:59:31,574803.3669999996,6058681.113399999
1134,"Šeimyniškių g. 1, Vilnius,  Šnipiškės",2023-12-07 22:00:00,MANTAS.KACINAUSKAS,MANTAS.KACINAUSKAS,2023-12-19 05:01:25,2023-12-19 05:00:48,582658.6010999996,6062764.9133
1135,"Nemenčinės pl. 2, Vilnius, Antakalnis",2023-12-07 22:00:00,MANTAS.KACINAUSKAS,MANTAS.KACINAUSKAS,2023-12-19 05:03:00,2023-12-19 05:02:24,585053.6588000003,6066090.351
1136,"Seinų g. 3, Vilnius, Naujamiestis",2023-12-07 22:00:00,MANTAS.KACINAUSKAS,MANTAS.KACINAUSKAS,2023-12-19 05:04:23,2023-12-19 05:03:58,582909.6286000004,6060214.429
1137,"Noragiškių g. 7, Vilnius, Verkiai",2023-12-14 22:00:00,MANTAS.KACINAUSKAS,MANTAS.KACINAUSKAS,2024-01-02 04:07:08,2024-01-02 04:06:22,581222.4835000001,6068532.382300001
1138,"Arnavos g. 16, Vilnius, Pilaitė",2023-12-14 22:00:00,MANTAS.KACINAUSKAS,MANTAS.KACINAUSKAS,2024-01-02 04:09:31,2024-01-02 04:08:47,574394.1602999996,6065269.400900001
1139,"T. Ševčenkos g. 26 , Vilnius, Naujamiestis",2023-12-14 22:00:00,MANTAS.KACINAUSKAS,MANTAS.KACINAUSKAS,2024-01-02 04:11:18,2024-01-02 04:10:46,581243.9316999996,6060732.102700001
1140,"Žirmūnų g. 86, Vilnius, Žirmūnai",2023-12-14 22:00:00,MANTAS.KACINAUSKAS,MANTAS.KACINAUSKAS,2024-01-02 04:12:46,2024-01-02 04:12:19,583904.7571999999,6066245.6413
1141,"Medeinos g. 39, Vilnius, Pašilaičiai",2023-12-14 22:00:00,MANTAS.KACINAUSKAS,MANTAS.KACINAUSKAS,2024-01-02 04:14:19,2024-01-02 04:13:50,578638.1827999996,6066395.604900001
1142,"J. Kubiliaus g. 10, Vilnius, Žirmūnai",2023-12-14 22:00:00,MANTAS.KACINAUSKAS,MANTAS.KACINAUSKAS,2024-01-02 04:15:40,2024-01-02 04:15:13,583646.6365999999,6064546.837300001
1143,"Pamėnkalnio g. 2, Vilnius, Naujamiestis",2023-12-14 22:00:00,MANTAS.KACINAUSKAS,MANTAS.KACINAUSKAS,2024-01-02 04:17:10,2024-01-02 04:16:40,582288.5093999999,6061693.067299999
1145,"Antakalnio g. 38, Vilnius, Antakalnis",2023-12-21 22:00:00,MANTAS.KACINAUSKAS,MANTAS.KACINAUSKAS,2024-01-02 04:18:58,2024-01-02 04:18:28,584394.1717999997,6063644.523800001
1146,"Didlaukio g. 17, Vilnius, Verkiai",2023-12-21 22:00:00,MANTAS.KACINAUSKAS,MANTAS.KACINAUSKAS,2024-01-02 04:20:25,2024-01-02 04:19:43,582080.7681999998,6066616.146400001
1148,"Žirmūnų g. 62, Vilnius, Žirmūnai",2023-12-21 22:00:00,MANTAS.KACINAUSKAS,MANTAS.KACINAUSKAS,2024-01-02 04:21:40,2024-01-02 04:21:17,584059.8510999996,6064561.979
1150,"Eišiškių pl. Vilnius, Naujininkai",2023-12-28 22:00:00,MANTAS.KACINAUSKAS,MANTAS.KACINAUSKAS,2024-01-10 09:53:28,2024-01-10 09:52:33,,
1151,"Vilnelės g. 26, Vilnius, Rasos",2023-12-28 22:00:00,MANTAS.KACINAUSKAS,MANTAS.KACINAUSKAS,2024-01-10 09:57:06,2024-01-10 09:55:43,585036.9824000001,6060129.670299999
1153,"Lukiškių g. 5, Vilnius, Naujamiestis",2023-12-28 22:00:00,MANTAS.KACINAUSKAS,MANTAS.KACINAUSKAS,2024-01-10 09:58:22,2024-01-10 09:57:42,581712.8348000003,6062592.0177
1155,"Medeinos g. 21, Vilnius, Pašilaičiai",2023-12-28 22:00:00,MANTAS.KACINAUSKAS,MANTAS.KACINAUSKAS,2024-01-10 09:59:39,2024-01-10 09:59:09,578824.2692,6066312.726600001
1156,"Šeškinės g. 59, Vilnius, Šeškinė",2023-12-28 22:00:00,MANTAS.KACINAUSKAS,MANTAS.KACINAUSKAS,2024-01-10 10:00:47,2024-01-10 10:00:13,580186.1975999996,6065241.1415
1157,"Lukno g.  3, Vilnius, Verkiai",2023-12-28 22:00:00,MANTAS.KACINAUSKAS,MANTAS.KACINAUSKAS,2024-01-10 10:02:57,2024-01-10 10:02:11,581183.6803000001,6068516.8727
1158,"Balandžių g. 9, Vilnius, Rasos",2023-12-28 22:00:00,MANTAS.KACINAUSKAS,MANTAS.KACINAUSKAS,2024-01-10 10:04:45,2024-01-10 10:04:17,584269.2465000004,6060398.1811
1159,"Pušų g. 10, Vilnius, Žvėrynas",2023-12-28 22:00:00,MANTAS.KACINAUSKAS,MANTAS.KACINAUSKAS,2024-01-10 10:06:39,2024-01-10 10:06:12,580898.0935000004,6062442.995200001
1161,"Didlaukio g. 23, Vilnius, Verkiai",2024-01-04 22:00:00,MANTAS.KACINAUSKAS,MANTAS.KACINAUSKAS,2024-01-23 03:16:49,2024-01-23 03:16:05,582000.1425000001,6066667.7392
1162,"Architektų g. 178, Vilnius, Lazdynai",2024-01-04 22:00:00,MANTAS.KACINAUSKAS,MANTAS.KACINAUSKAS,2024-01-23 03:18:09,2024-01-23 03:17:41,578492.6390000004,6061353.372300001
1163,"Erfurto g. 15, Vilnius, Lazdynai",2024-01-04 22:00:00,MANTAS.KACINAUSKAS,MANTAS.KACINAUSKAS,2024-01-23 03:19:40,2024-01-23 03:19:08,577900.0604999997,6060733.269200001
1165,"K. Kalinausko g. 8, Vilnius, Senamiestis",2024-01-04 22:00:00,MANTAS.KACINAUSKAS,MANTAS.KACINAUSKAS,2024-01-23 04:26:51,2024-01-23 04:26:17,582170.7227999996,6061435.9329
1166,"Ratnyčios g. 7, Vilnius, Šnipiškės",2024-01-04 22:00:00,MANTAS.KACINAUSKAS,MANTAS.KACINAUSKAS,2024-01-23 04:28:31,2024-01-23 04:27:53,582457.1401000004,6064110.0448
1167,"A. Jakšto g. 5, Vilnius, Naujamiestis",2024-01-04 22:00:00,MANTAS.KACINAUSKAS,MANTAS.KACINAUSKAS,2024-01-23 04:30:41,2024-01-23 04:30:08,582238.9108999996,6062124.859999999
1169,"Konstitucijos pr. 24, Vilnius, Šnipiškės",2024-01-04 22:00:00,MANTAS.KACINAUSKAS,MANTAS.KACINAUSKAS,2024-01-23 04:32:22,2024-01-23 04:31:50,581716.0957000004,6063142.414899999
1170,"Laisvės pr. 31, Vilnius, Karoliniškės",2024-01-04 22:00:00,MANTAS.KACINAUSKAS,MANTAS.KACINAUSKAS,2024-01-23 04:34:00,2024-01-23 04:33:28,578307.9058999997,6062241.7468
1171,"Architektų g. 178, Vilnius, Lazdynai",2024-01-04 22:00:00,MANTAS.KACINAUSKAS,MANTAS.KACINAUSKAS,2024-01-23 04:35:45,2024-01-23 04:35:09,578502.9941999996,6061347.5041000005
1172,"Pergalės g. 20, Vilnius, Naujoji Vilnia",2024-01-04 22:00:00,MANTAS.KACINAUSKAS,MANTAS.KACINAUSKAS,2024-01-23 04:37:24,2024-01-23 04:36:56,591038.0026000002,6062148.228800001
1173,"Rugių g. 4, Vilnius, Verkiai",2024-01-04 22:00:00,MANTAS.KACINAUSKAS,MANTAS.KACINAUSKAS,2024-01-23 04:38:58,2024-01-23 04:38:31,582095.7024999997,6067928.719900001
1174,"T. Ševčenkos g. 20, Vilnius, Naujamiestis",2024-01-04 22:00:00,MANTAS.KACINAUSKAS,MANTAS.KACINAUSKAS,2024-01-23 04:40:36,2024-01-23 04:39:55,581413.7631000001,6060755.8544
1175,"Ozo g. 25, Vilnius, Šeškinė",2024-01-04 22:00:00,MANTAS.KACINAUSKAS,MANTAS.KACINAUSKAS,2024-01-23 04:41:50,2024-01-23 04:41:26,581204.2034,6064499.034
1176,"Tuskulėnų g. 66, Vilnius, Žirmūnai",2024-01-04 22:00:00,MANTAS.KACINAUSKAS,MANTAS.KACINAUSKAS,2024-01-23 04:44:06,2024-01-23 04:43:30,583064.8561000004,6063653.7804000005
1178,"Igno Šimulionio g. 10, Vilnius, Karoliniškės",2024-01-04 22:00:00,MANTAS.KACINAUSKAS,MANTAS.KACINAUSKAS,2024-01-23 04:47:16,2024-01-23 04:46:45,579137.1637000004,6062856.233899999
1179,"Erfurto g. 10-19, Vilnius, Lazdynai",2024-01-04 22:00:00,MANTAS.KACINAUSKAS,MANTAS.KACINAUSKAS,2024-01-23 05:02:25,2024-01-23 05:01:54,578039.9841,6060773.7543
1180,"Taikos g. 28, Vilnius, Justiniškės",2024-01-04 22:00:00,MANTAS.KACINAUSKAS,MANTAS.KACINAUSKAS,2024-01-23 05:03:36,2024-01-23 05:03:12,578893.341,6065496.5441
1181,"Apkasų g. (Žalgirio g.), Vilnius, Žirmūnai",2024-01-04 22:00:00,MANTAS.KACINAUSKAS,MANTAS.KACINAUSKAS,2024-01-23 05:05:03,2024-01-23 05:04:32,583018.9797,6063787.6132
1182,"Lvivo g. 38A, Vilnius, Šnipiškės",2024-01-04 22:00:00,MANTAS.KACINAUSKAS,MANTAS.KACINAUSKAS,2024-01-23 05:06:18,2024-01-23 05:05:49,582184.6299,6063077.211300001
1183,"Žygio g. (S. Žukausko g.), Vilnius, Žirmūnai",2024-01-04 22:00:00,MANTAS.KACINAUSKAS,MANTAS.KACINAUSKAS,2024-01-23 05:07:36,2024-01-23 05:06:59,583352.3378999997,6064271.559900001
1184,"Parko g. 32, Vilnius, Naujoji Vilnia",2024-01-04 22:00:00,MANTAS.KACINAUSKAS,MANTAS.KACINAUSKAS,2024-01-23 05:09:01,2024-01-23 05:08:32,591883.5729,6062054.758400001
1185,"Žemynos g. 10, Vilnius, Pašilaičiai",2024-01-04 22:00:00,MANTAS.KACINAUSKAS,MANTAS.KACINAUSKAS,2024-01-23 05:10:31,2024-01-23 05:09:58,579294.3902000003,6066487.3945
1186,"Ateities g. 91, Vilnius, Fabijoniškės",2024-01-04 22:00:00,MANTAS.KACINAUSKAS,MANTAS.KACINAUSKAS,2024-01-23 05:11:54,2024-01-23 05:11:29,580270.8288000003,6066850.328500001
1187,"Viršuliškių g. 40, Vilnius, Viršuliškės",2024-01-04 22:00:00,MANTAS.KACINAUSKAS,MANTAS.KACINAUSKAS,2024-01-23 05:12:59,2024-01-23 05:12:29,579086.8602999998,6064209.236500001
1188,"Vingrių g. 25, Vilnius, Senamiestis",2024-01-04 22:00:00,MANTAS.KACINAUSKAS,MANTAS.KACINAUSKAS,2024-01-23 05:14:46,2024-01-23 05:14:12,582491.3147999998,6060863.127699999
1190,"Trakų g. 15, Vilnius, Senamiestis",2024-01-04 22:00:00,MANTAS.KACINAUSKAS,MANTAS.KACINAUSKAS,2024-01-23 05:16:09,2024-01-23 05:15:48,582656.0354000004,6061187.786699999
1191,"Islandijos g. 6, Vilnius, Senamiestis",2024-01-04 22:00:00,MANTAS.KACINAUSKAS,MANTAS.KACINAUSKAS,2024-01-23 05:18:15,2024-01-23 05:17:41,582380.6634,6061634.387599999
1192,"S. Grunau g. 44, Vilnius, Pilaitė",2024-01-11 22:00:00,MANTAS.KACINAUSKAS,MANTAS.KACINAUSKAS,2024-01-23 05:21:13,2024-01-23 05:20:41,574946.966,6064743.287699999
1193,"Konstitucijos pr. 7A, Vilnius, Šnipiškės",2024-01-11 22:00:00,MANTAS.KACINAUSKAS,MANTAS.KACINAUSKAS,2024-01-23 05:22:26,2024-01-23 05:21:50,582285.7435999997,6062924.482799999
1194,"Taikos g. 51, Vilnius, Justiniškės",2024-01-11 22:00:00,MANTAS.KACINAUSKAS,MANTAS.KACINAUSKAS,2024-01-23 05:23:58,2024-01-23 05:23:32,578961.7391999997,6065776.169399999
1196,"Gerosios Vilties g. 16, Vilnius, Vilkpėdė",2024-01-11 22:00:00,MANTAS.KACINAUSKAS,MANTAS.KACINAUSKAS,2024-01-23 05:25:45,2024-01-23 05:25:09,580308.6825000001,6060111.750499999
1197,"Didžioji g. 40, Vilnius, Senamiestis",2024-01-11 22:00:00,MANTAS.KACINAUSKAS,MANTAS.KACINAUSKAS,2024-01-23 05:27:18,2024-01-23 05:26:51,583080.8124000002,6060793.5074000005
1200,"Šv. Stepono g. 33, Vilnius, Senamiestis",2024-01-11 22:00:00,MANTAS.KACINAUSKAS,MANTAS.KACINAUSKAS,2024-01-23 05:29:36,2024-01-23 05:29:07,582488.8240999999,6060078.9782
1201,"J. Miltinio g. 31, Vilnius, Verkiai",2024-01-11 22:00:00,MANTAS.KACINAUSKAS,MANTAS.KACINAUSKAS,2024-01-23 05:32:51,2024-01-23 05:32:24,587509.1742000002,6074418.9572
1202,"Ateities Sodų 2-oji g. 64A, Vilnius, Naujoji Vilnia",2024-01-11 22:00:00,MANTAS.KACINAUSKAS,MANTAS.KACINAUSKAS,2024-01-23 05:34:38,2024-01-23 05:34:01,591019.3269999996,6064347.0504
1203,"Geležinio Vilko g. 29A, Vilnius, Naujamiestis",2024-01-11 22:00:00,MANTAS.KACINAUSKAS,MANTAS.KACINAUSKAS,2024-01-23 05:36:23,2024-01-23 05:35:57,581243.6249000002,6061581.814300001
1204,"Kapsų g. 40, Vilnius, Naujininkai",2024-01-11 22:00:00,MANTAS.KACINAUSKAS,MANTAS.KACINAUSKAS,2024-01-23 05:37:45,2024-01-23 05:37:21,582738.7725,6059019.3122000005
1205,"Mindaugo g. 11, Vilnius, Naujamiestis",2024-01-11 22:00:00,MANTAS.KACINAUSKAS,MANTAS.KACINAUSKAS,2024-01-23 05:39:08,2024-01-23 05:38:43,582131.4401000002,6060912.760500001
1206,"Žirmūnų g. 68a, Vilnius, Žirmūnai",2024-01-11 22:00:00,MANTAS.KACINAUSKAS,MANTAS.KACINAUSKAS,2024-01-23 05:40:12,2024-01-23 05:39:47,583981.6650999999,6065403.238399999
1207,"Taikos g. 199, Vilnius, Justiniškės",2024-01-11 22:00:00,MANTAS.KACINAUSKAS,MANTAS.KACINAUSKAS,2024-01-23 05:41:51,2024-01-23 05:41:16,578217.9204000002,6064691.3323
1208,"V. Pietario g. 3, Vilnius, Naujamiestis",2024-01-11 22:00:00,MANTAS.KACINAUSKAS,MANTAS.KACINAUSKAS,2024-01-23 05:43:08,2024-01-23 05:42:41,580677.4359999998,6060703.607000001
1211,"Viršuliškių g. 22, Vilnius, Viršuliškės",2024-01-18 22:00:00,MANTAS.KACINAUSKAS,MANTAS.KACINAUSKAS,2024-02-13 04:01:56,2024-02-13 04:01:02,578901.5137,6064480.7863
1212,"Darželio g. 5, Vilnius, Naujoji Vilnia",2024-01-18 22:00:00,MANTAS.KACINAUSKAS,MANTAS.KACINAUSKAS,2024-02-13 04:04:15,2024-02-13 04:03:25,591371.2549,6062373.2468
1213,"Ukmergės g. 282, Vilnius, Pašilaičiai",2024-01-18 22:00:00,MANTAS.KACINAUSKAS,MANTAS.KACINAUSKAS,2024-02-13 04:05:45,2024-02-13 04:05:09,579832.5278000003,6066445.7523
1214,"Mindaugo g. 44, VIlnius, Naujamiestis",2024-01-18 22:00:00,MANTAS.KACINAUSKAS,MANTAS.KACINAUSKAS,2024-02-13 04:07:17,2024-02-13 04:06:51,582307.1447999999,6060132.7991
1216,"A. Rotundo g. 4A, Vilnius, Naujamiestis",2024-01-18 22:00:00,MANTAS.KACINAUSKAS,MANTAS.KACINAUSKAS,2024-02-13 04:09:51,2024-02-13 04:09:16,581590.5844999999,6062073.368000001
1217,"Saracėnų g. 14, Vilnius, Šnipiškės",2024-01-18 22:00:00,MANTAS.KACINAUSKAS,MANTAS.KACINAUSKAS,2024-02-13 04:12:09,2024-02-13 04:11:32,582602.1512000002,6063539.9465
1218,"Subačiaus g. 45A, Vilnius, Senamiestis",2024-01-18 22:00:00,MANTAS.KACINAUSKAS,MANTAS.KACINAUSKAS,2024-02-13 04:13:45,2024-02-13 04:13:13,584092.7339000003,6060712.534399999
1219,"Justiniškių g. 144C, Vilnius, Pašilaičiai",2024-01-18 22:00:00,MANTAS.KACINAUSKAS,MANTAS.KACINAUSKAS,2024-02-13 04:15:34,2024-02-13 04:15:00,578542.2419999996,6066845.639699999
1220,"Mėlynių g. 1A, Vilnius, Antakalnis",2024-01-18 22:00:00,MANTAS.KACINAUSKAS,MANTAS.KACINAUSKAS,2024-02-13 04:17:17,2024-02-13 04:16:46,585091.4681000002,6067098.2568
1221,"Birželio 23-iosios g. 11, Vilnius, Naujamiestis",2024-01-18 22:00:00,MANTAS.KACINAUSKAS,MANTAS.KACINAUSKAS,2024-02-13 04:19:49,2024-02-13 04:18:43,581369.1156000001,6060633.349400001
1222,"L. Giros g. 74, Vilnius, Fabijoniškės",2024-01-25 22:00:00,MANTAS.KACINAUSKAS,MANTAS.KACINAUSKAS,2024-02-13 04:23:00,2024-02-13 04:22:25,580115.6124999998,6067236.596999999
1223,"Barčių g. 1, Vilnius, Naujininkai",2024-01-25 22:00:00,MANTAS.KACINAUSKAS,MANTAS.KACINAUSKAS,2024-02-13 04:25:28,2024-02-13 04:24:43,581469.2103000004,6052753.053200001
1225,"Šv. Stepono g. 27, Vilnius, Senamiestis",2024-01-25 22:00:00,MANTAS.KACINAUSKAS,MANTAS.KACINAUSKAS,2024-02-13 04:27:23,2024-02-13 04:26:50,582483.2061000001,6060167.718
1226,"Linksmoji g. 47, Vilnius, Naujoji Vilnia",2024-01-25 22:00:00,MANTAS.KACINAUSKAS,MANTAS.KACINAUSKAS,2024-02-13 04:29:05,2024-02-13 04:28:26,592036.6053999998,6061803.8276
1227,"P. Vileišio g. 31, Vilnius, Antakalnis",2024-01-25 22:00:00,MANTAS.KACINAUSKAS,MANTAS.KACINAUSKAS,2024-02-13 04:30:52,2024-02-13 04:30:16,584688.8114,6065065.199899999
1228,"Musninkų g. 18, Vilnius, Šeškinė",2024-01-25 22:00:00,MANTAS.KACINAUSKAS,MANTAS.KACINAUSKAS,2024-02-13 04:32:09,2024-02-13 04:31:47,579872.6640999997,6065207.399599999
1229,"Vikingų g. 3, Vilnius, Naujininkai",2024-01-25 22:00:00,MANTAS.KACINAUSKAS,MANTAS.KACINAUSKAS,2024-02-13 04:33:42,2024-02-13 04:33:14,582444.8611000003,6058091.5656
1231,"Visorių g. 6A, Vilnius, Fabijoniškės",2024-01-25 22:00:00,MANTAS.KACINAUSKAS,MANTAS.KACINAUSKAS,2024-02-13 04:35:39,2024-02-13 04:35:07,581103.3634000001,6067446.359200001
1232,"Žirmūnų g. 23, Vilnius, Žirmūnai",2024-01-25 22:00:00,MANTAS.KACINAUSKAS,MANTAS.KACINAUSKAS,2024-02-13 04:37:41,2024-02-13 04:37:01,584138.8957000002,6064727.397500001
1233,"Ukmergės g. 184, Vilnius, Šeškinė",2024-01-25 22:00:00,MANTAS.KACINAUSKAS,MANTAS.KACINAUSKAS,2024-02-13 04:39:30,2024-02-13 04:38:59,580461.6228999998,6064523.386499999
1235,"Taikos g. 72, Vilnius, Justiniškės",2024-01-25 22:00:00,MANTAS.KACINAUSKAS,MANTAS.KACINAUSKAS,2024-02-13 04:41:01,2024-02-13 04:40:32,578365.3421999998,6065662.362600001
1236,"Vydūno g. 16, Vilnius, Pilaitė",2024-01-25 22:00:00,MANTAS.KACINAUSKAS,MANTAS.KACINAUSKAS,2024-02-13 05:37:36,2024-02-13 05:37:06,575913.2188999997,6064088.3191
1238,"L. Giros g. 7, Vilnius, Fabijoniškės",2024-01-25 22:00:00,MANTAS.KACINAUSKAS,MANTAS.KACINAUSKAS,2024-02-13 05:49:02,2024-02-13 05:48:34,580622.1971000005,6067242.6723
1239,"Arimų g. 29, Vilnius, Naujoji Vilnia",2024-02-01 22:00:00,MANTAS.KACINAUSKAS,MANTAS.KACINAUSKAS,2024-02-13 05:52:46,2024-02-13 05:52:18,592384.2154999999,6063467.1467
1240,"Taikos g. 18, Vilnius, Justiniškės",2024-02-01 22:00:00,MANTAS.KACINAUSKAS,MANTAS.KACINAUSKAS,2024-02-13 05:54:20,2024-02-13 05:53:49,579055.9358999999,6065553.5989
1242,"Z. Sierakausko g. 34, Vilnius, Naujamiestis",2024-02-01 22:00:00,MANTAS.KACINAUSKAS,MANTAS.KACINAUSKAS,2024-02-13 05:56:09,2024-02-13 05:55:38,581367.1377999997,6061462.102600001
1243,"Jogėliškių g. 12, Vilnius, Paneriai",2024-02-01 22:00:00,MANTAS.KACINAUSKAS,MANTAS.KACINAUSKAS,2024-02-13 05:58:02,2024-02-13 05:57:32,568968.1683999998,6054917.9066
1245,"Ūmėdžių g. 78, Vilnius, Vilkpėdė",2024-02-01 22:00:00,MANTAS.KACINAUSKAS,MANTAS.KACINAUSKAS,2024-02-13 06:03:44,2024-02-13 06:03:12,578009.1035000002,6056859.640799999
1246,"Vitebsko g. 18, Vilnius, Senamiestis",2024-02-01 22:00:00,MANTAS.KACINAUSKAS,MANTAS.KACINAUSKAS,2024-02-13 06:05:50,2024-02-13 06:05:03,584039.4941999996,6060693.315300001
1247,"Genių g. 17A, Sakiškės, Bezdonių sen. ",2024-02-01 22:00:00,MANTAS.KACINAUSKAS,MANTAS.KACINAUSKAS,2024-02-13 06:10:28,2024-02-13 06:07:46,589982.5406,6077456.7206999995
1249,"Medeinos g. 41, Vilnius, Pašilaičiai",2024-02-01 22:00:00,MANTAS.KACINAUSKAS,MANTAS.KACINAUSKAS,2024-02-13 06:15:50,2024-02-13 06:15:17,578661.6767999995,6066422.7666
1250,"Taikos g. 68, Vilnius, Justiniškės",2024-02-01 22:00:00,MANTAS.KACINAUSKAS,MANTAS.KACINAUSKAS,2024-02-13 06:17:16,2024-02-13 06:16:50,578436.7196000004,6065601.206499999
1251,"Kapsų g. 42, Vilnius, Naujininkai",2024-02-01 22:00:00,MANTAS.KACINAUSKAS,MANTAS.KACINAUSKAS,2024-02-13 06:18:50,2024-02-13 06:18:27,582768.6257999996,6059076.6208
1252,"Gelvonų g. 68, Vilnius, Šeškinė",2024-02-01 22:00:00,MANTAS.KACINAUSKAS,MANTAS.KACINAUSKAS,2024-02-13 06:20:27,2024-02-13 06:20:02,580953.4513999997,6065434.1779
1253,"Antakalnio g. 59, Vilnius, Antakalnis",2024-02-01 22:00:00,MANTAS.KACINAUSKAS,MANTAS.KACINAUSKAS,2024-02-13 06:21:56,2024-02-13 06:21:31,584753.7238999996,6064628.7487
1254,"Antakalnio g. 104, Vilnius, Antakalnis",2024-02-01 22:00:00,MANTAS.KACINAUSKAS,MANTAS.KACINAUSKAS,2024-02-13 06:23:08,2024-02-13 06:22:48,584799.2791999998,6065191.926100001
1256,"Kareivių g. 13, Vilnius, Žirmūnai",2024-02-01 22:00:00,MANTAS.KACINAUSKAS,MANTAS.KACINAUSKAS,2024-02-13 06:24:34,2024-02-13 06:24:01,583794.5133999996,6065457.615599999
1257,"Žolyno g. 34, Vilnius, Antakalnis",2024-02-01 22:00:00,MANTAS.KACINAUSKAS,MANTAS.KACINAUSKAS,2024-02-13 06:25:59,2024-02-13 06:25:33,585672.1557,6064367.4769
1258,"Justiniškių g. 38, Vilnius, Justiniškės",2024-02-01 22:00:00,MANTAS.KACINAUSKAS,MANTAS.KACINAUSKAS,2024-02-13 06:28:22,2024-02-13 06:27:58,578445.9428000003,6064935.648800001
1259,"Kalvarijų g. 170, Vilnius, Šnipiškės",2024-02-01 22:00:00,MANTAS.KACINAUSKAS,MANTAS.KACINAUSKAS,2024-02-13 06:29:33,2024-02-13 06:29:05,582835.6676000003,6064555.7874
1260,"Medeinos g. 8, Vilnius, Pašilaičiai",2024-02-01 22:00:00,MANTAS.KACINAUSKAS,MANTAS.KACINAUSKAS,2024-02-13 06:30:57,2024-02-13 06:30:30,579053.3410999998,6066661.8584
1262,"Žvirgždyno g. 14, Vilnius, Senamiestis",2024-02-01 22:00:00,MANTAS.KACINAUSKAS,MANTAS.KACINAUSKAS,2024-02-13 06:32:23,2024-02-13 06:31:52,584347.5902000004,6061321.749600001
1263,"Didžioji g. 19A, Vilnius, Senamiestis",2024-02-01 22:00:00,MANTAS.KACINAUSKAS,MANTAS.KACINAUSKAS,2024-02-13 06:33:49,2024-02-13 06:33:20,583010.3024000004,6061066.375700001
1265,"Rinktinės g. 48A, Vilnius, Šnipiškės",2024-02-01 22:00:00,MANTAS.KACINAUSKAS,MANTAS.KACINAUSKAS,2024-02-13 06:35:37,2024-02-13 06:35:02,582860.1840000004,6063515.9507
1266,"L. Asanavičiūtės g. 44, Vilnius, Karoliniškės",2024-02-01 22:00:00,MANTAS.KACINAUSKAS,MANTAS.KACINAUSKAS,2024-02-13 06:37:33,2024-02-13 06:37:01,578250.0530000003,6062598.7336
1267,"Subačiau g. 120, Vilnius, Rasos",2024-02-01 22:00:00,MANTAS.KACINAUSKAS,MANTAS.KACINAUSKAS,2024-02-13 06:38:53,2024-02-13 06:38:27,585141.8923000004,6060669.0644000005
1270,"Dariaus ir Girėno g. 13, Vilnius, Naujininkai",2024-02-01 22:00:00,MANTAS.KACINAUSKAS,MANTAS.KACINAUSKAS,2024-02-13 06:40:30,2024-02-13 06:40:02,582113.2385999998,6058889.2278
1271,"Viršuliškių g. 29, Vilnius, Viršuliškės",2024-02-01 22:00:00,MANTAS.KACINAUSKAS,MANTAS.KACINAUSKAS,2024-02-13 06:42:02,2024-02-13 06:41:27,578668.767,6064505.867000001
1272,"Gabijos g. 37, Vilnius, Pašilaičiai",2024-02-01 22:00:00,MANTAS.KACINAUSKAS,MANTAS.KACINAUSKAS,2024-02-13 06:43:19,2024-02-13 06:42:44,578733.6867000004,6067095.392000001
1273,"P. Vileišio g. 16, Vilnius, Antakalnis",2024-02-01 22:00:00,MANTAS.KACINAUSKAS,MANTAS.KACINAUSKAS,2024-02-13 06:44:49,2024-02-13 06:44:20,584278.5089999996,6063559.4552
1274,"P. Vileišio g. 16, Vilnius, Antakalnis",2024-02-01 22:00:00,MANTAS.KACINAUSKAS,MANTAS.KACINAUSKAS,2024-02-13 06:45:30,2024-02-13 06:45:13,584278.3949999996,6063554.9845
1275,"Gabijos g. 37, Vilnius, Pašilaičiai",2024-02-01 22:00:00,MANTAS.KACINAUSKAS,MANTAS.KACINAUSKAS,2024-02-13 06:46:22,2024-02-13 06:45:58,578735.2936000004,6067093.2816
1276,"S. Stanevičiaus g. 50, Vilnius, Fabijoniškės",2024-02-01 22:00:00,MANTAS.KACINAUSKAS,MANTAS.KACINAUSKAS,2024-02-13 06:50:15,2024-02-13 06:49:32,580646.1634,6066125.4726
1278,"S. Nėries g. 57, Vilnius, Fabijoniškės",2024-02-08 22:00:00,MANTAS.KACINAUSKAS,MANTAS.KACINAUSKAS,2024-02-22 10:28:33,2024-02-22 10:27:48,579418.4382999996,6067608.3276
1279,"Ateities g. 3, Vilnius, Verkiai",2024-02-08 22:00:00,MANTAS.KACINAUSKAS,MANTAS.KACINAUSKAS,2024-02-22 10:29:54,2024-02-22 10:29:21,581758.1693000002,6067748.7565
1280,"Žirmūnų g, 22, Vilnius, Žirmūnai",2024-02-08 22:00:00,MANTAS.KACINAUSKAS,MANTAS.KACINAUSKAS,2024-02-22 10:31:21,2024-02-22 10:30:50,583821.4994999999,6063220.3511
1281,"Žemynos g. 49, Vilnius, Pašilaičiai",2024-02-08 22:00:00,MANTAS.KACINAUSKAS,MANTAS.KACINAUSKAS,2024-02-22 10:32:46,2024-02-22 10:32:17,579303.9486999996,6066242.099300001
1282,"Vištyčio g. 1, Vilnius, Pilaitė",2024-02-08 22:00:00,MANTAS.KACINAUSKAS,MANTAS.KACINAUSKAS,2024-02-22 10:34:32,2024-02-22 10:34:03,575785.9190999996,6064792.502800001
1284,"Pylimo g. 58, Vilnius, Senamiestis",2024-02-08 22:00:00,MANTAS.KACINAUSKAS,MANTAS.KACINAUSKAS,2024-02-22 10:35:53,2024-02-22 10:35:25,582911.2457999997,6060467.0373
1285,"Fobijoniškių g. 94, Vilnius, Fabijoniškės",2024-02-08 22:00:00,MANTAS.KACINAUSKAS,MANTAS.KACINAUSKAS,2024-02-22 10:37:19,2024-02-22 10:36:49,580166.4445000002,6066669.3597
1286,"Konstitucijos pr. 7A, Vilnius, Šnipiškės",2024-02-14 22:00:00,MANTAS.KACINAUSKAS,MANTAS.KACINAUSKAS,2024-02-23 04:43:15,2024-02-23 04:41:52,582318.3073000005,6062906.305400001
1287,"Laisvės pr. 77B, Vilnius, Pašilaičiai",2024-02-14 22:00:00,MANTAS.KACINAUSKAS,MANTAS.KACINAUSKAS,2024-02-23 04:45:08,2024-02-23 04:44:29,579626.1146999998,6065875.907299999
1288,"S. Batoro g. , Vilnius, Naujoji Vilnia",2024-02-14 22:00:00,MANTAS.KACINAUSKAS,MANTAS.KACINAUSKAS,2024-02-23 04:46:56,2024-02-23 04:46:12,590354.1690999996,6062354.301899999
1290,"Pelesos g. 35, Vilnius, Naujininkai",2024-02-14 22:00:00,MANTAS.KACINAUSKAS,MANTAS.KACINAUSKAS,2024-02-23 04:49:29,2024-02-23 04:48:50,582850.0681999996,6059780.208799999
1291,"P. Vileišio g. 16, Vilnius, Antakalnis",2024-02-14 22:00:00,MANTAS.KACINAUSKAS,MANTAS.KACINAUSKAS,2024-02-23 04:51:21,2024-02-23 04:50:50,584278.619,6063548.822699999
1293,"I. Kanto al. 23, Vilnius, Pilaitė",2024-02-14 22:00:00,MANTAS.KACINAUSKAS,MANTAS.KACINAUSKAS,2024-02-23 04:53:44,2024-02-23 04:53:14,575757.5015000002,6063762.9838
1294,"V. Grybo g. 3, Vilnius, Antakalnis",2024-02-14 22:00:00,MANTAS.KACINAUSKAS,MANTAS.KACINAUSKAS,2024-02-23 04:58:50,2024-02-23 04:58:24,584722.1337000001,6063522.2097
1295,"Karvaičių g. 19, Vilnius, Pilaitė",2024-02-14 22:00:00,MANTAS.KACINAUSKAS,MANTAS.KACINAUSKAS,2024-02-23 05:00:53,2024-02-23 05:00:18,576946.3003000002,6064626.579
1297,"Šiaurės Sodų 6-oji g. 62, Vilniud, Naujoji Vilnia",2024-02-14 22:00:00,MANTAS.KACINAUSKAS,MANTAS.KACINAUSKAS,2024-02-23 05:02:58,2024-02-23 05:02:28,590271.1610000003,6064299.0287
1298,"Pupinės g. 10, Vilnius, Naujininkai",2024-02-14 22:00:00,MANTAS.KACINAUSKAS,MANTAS.KACINAUSKAS,2024-02-23 05:04:43,2024-02-23 05:04:13,581221.9343999997,6053099.390699999
1299,"L. Asanavičiūtės g. 7, Vilnius, Karoliniškės",2024-02-14 22:00:00,MANTAS.KACINAUSKAS,MANTAS.KACINAUSKAS,2024-02-23 05:06:34,2024-02-23 05:05:58,577448.6360999998,6061384.562899999
1301,"Vilniaus g. 10, Vilnius, Senamiestis",2024-02-14 22:00:00,MANTAS.KACINAUSKAS,MANTAS.KACINAUSKAS,2024-02-23 05:09:41,2024-02-23 05:09:03,582501.0871000001,6061848.367900001
